F1,F2,F3,F4,F5,F6,F7,F8,F9,F10,F11,F12,class
  5.5356000e-001, -6.3790000e-002, -2.6414000e-001,  1.1277000e-001, -3.3695000e-001, -6.4323000e-002,  1.8942000e-001,  9.9771000e-001,  2.2260000e-001, -1.0899000e-001,  6.9032000e-002, -7.6432000e-002,  1.0000000e+000
  1.2099000e-001, -1.2491000e-002,  2.3769000e-001,  1.5010000e-002,  2.4272000e-001,  6.0151000e-002, -3.8016000e-002, -1.3711000e-001, -6.6597000e-002,  1.5968000e-002, -2.8463000e-003,  6.0713000e-002,  2.0000000e+000
 -7.8399000e-001,  2.5460000e-001, -7.0099000e-001, -2.9917000e-001, -8.5833000e-001,  2.1050000e-001, -5.3005000e-001,  5.1855000e-001, -3.0319000e-001,  2.0018000e-002, -2.0915000e-002,  6.6394000e-001,  1.0000000e+000
 -9.3788000e-001,  1.0974000e-001,  6.2036000e-001,  3.3672000e-001,  6.7177000e-001,  1.5943000e-001, -7.5701000e-001,  2.1452000e-001,  5.5672000e-001, -1.0568000e-001,  5.0288000e-002, -4.3655000e-001,  1.0000000e+000
  5.3967000e-001,  6.9333000e-001,  1.3401000e-001,  7.2406000e-001, -6.8580000e-001,  8.2868000e-001,  3.7774000e-001, -2.6206000e-001,  2.2456000e-001, -1.1229000e-001,  7.7138000e-002, -2.4553000e-001,  1.0000000e+000
  8.1876000e-001,  3.3239000e-001, -5.9413000e-001, -7.6517000e-001, -6.5296000e-001,  1.3226000e-001,  7.2883000e-001,  4.5269000e-001,  2.5206000e-001, -1.2098000e-001,  1.0376000e-001, -3.3129000e-001,  1.0000000e+000
 -5.0902000e-002, -8.6359000e-002,  6.4319000e-002, -1.4147000e-001,  8.5771000e-002,  1.8399000e-002, -2.9352000e-001,  9.3983000e-002,  3.0918000e-001, -1.5092000e-001,  1.1289000e-001, -3.0504000e-001,  1.0000000e+000
 -7.6348000e-001,  6.5829000e-002, -1.0893000e-002,  2.6870000e-001, -2.7017000e-001,  2.3872000e-001, -7.5897000e-001, -1.0965000e-001, -3.4846000e-001, -3.3052000e-001,  2.7336000e-001,  1.0006000e-001,  1.0000000e+000
 -2.8839000e-001,  1.5463000e-001,  7.3964000e-001,  2.3138000e-001,  9.1331000e-001,  8.3101000e-002, -9.3932000e-002,  2.6179000e-001,  1.6296000e-001,  3.8338000e-001, -2.7291000e-001,  6.0598000e-002,  2.0000000e+000
  2.8511000e-001,  3.3513000e-001, -6.3525000e-002, -3.0297000e-001, -8.5579000e-002,  2.1858000e-001,  2.8942000e-001,  2.5130000e-002,  3.9539000e-001,  2.2997000e-001, -1.6726000e-001, -2.3671000e-001,  1.0000000e+000
  2.4823000e-001,  3.1876000e-001, -1.5940000e-001,  1.3743000e-001, -6.5110000e-001,  4.6319000e-001,  1.4462000e-001, -7.3971000e-001, -3.7772000e-001, -9.3878000e-004,  1.7287000e-003,  2.7956000e-001,  1.0000000e+000
  4.9053000e-001, -3.5245000e-001, -2.0838000e-001, -1.2470000e-001,  8.9263000e-002, -4.1729000e-001,  3.7017000e-001, -3.1768000e-001,  6.3013000e-001,  1.3456000e-001, -9.6455000e-002, -5.2551000e-001,  1.0000000e+000
  5.7028000e-001, -3.1981000e-001,  2.6236000e-001, -1.6520000e-001,  7.5822000e-001, -4.8564000e-001,  5.4075000e-001,  3.6154000e-001,  3.1662000e-001,  4.1923000e-004, -2.3371000e-002, -1.9713000e-001,  1.0000000e+000
 -5.5436000e-002,  1.7831000e-001, -3.4092000e-001, -2.3388000e-001, -4.9273000e-001,  1.5470000e-001, -1.8609000e-002,  9.4689000e-002, -5.6680000e-002,  1.4189000e-001, -1.3025000e-001,  1.9212000e-001,  1.0000000e+000
  3.0444000e-003, -1.0676000e-001, -3.2792000e-001, -3.1560000e-001, -1.6313000e-001, -1.8827000e-001,  5.6916000e-002,  1.2192000e-001, -8.8249000e-001, -1.0043000e-001,  1.2099000e-001,  6.4187000e-001,  2.0000000e+000
 -6.5959000e-001,  2.0072000e-001,  4.0465000e-001,  2.9754000e-001,  2.3683000e-001,  2.9286000e-001, -4.1675000e-001, -5.6583000e-001, -2.7265000e-002, -6.6083000e-002,  3.4435000e-002, -2.6652000e-002,  1.0000000e+000
 -3.4050000e-001, -3.4461000e-001,  1.0165000e-001, -2.7984000e-001,  4.3791000e-001, -3.0819000e-001, -4.6573000e-001,  3.2657000e-001, -4.5646000e-001, -6.3705000e-001,  5.3893000e-001, -5.8928000e-002,  2.0000000e+000
  4.5852000e-001,  6.6908000e-003,  5.0555000e-001,  2.7289000e-001,  5.0647000e-001,  5.9486000e-002,  2.1157000e-001,  2.8914000e-001, -5.9538000e-001, -3.4308000e-001,  3.1344000e-001,  1.9100000e-001,  1.0000000e+000
  1.0995000e-001,  4.3399000e-002, -4.0768000e-001, -4.7930000e-001, -3.0018000e-001, -5.2069000e-002,  3.1102000e-001, -5.3557000e-001, -3.0260000e-001, -3.9181000e-001,  2.5246000e-001, -3.6604000e-001,  1.0000000e+000
  4.1106000e-001,  4.3924000e-001,  3.4835000e-001,  5.3838000e-001, -3.8496000e-002,  4.1615000e-001,  5.6955000e-001, -2.1830000e-001, -2.8671000e-001, -1.1472000e-001,  8.0808000e-002,  1.7301000e-001,  2.0000000e+000
  6.4940000e-001,  4.1878000e-001,  1.4835000e-001,  3.3349000e-001, -2.1974000e-001,  3.9891000e-001,  5.9065000e-001,  7.7100000e-002, -1.1072000e+000, -3.6723000e-001,  3.6468000e-001,  5.7172000e-001,  1.0000000e+000
 -2.6580000e-001,  5.8079000e-001,  2.5470000e-001,  3.7903000e-001, -1.6310000e-001,  5.5455000e-001,  2.1399000e-001, -8.8275000e-001, -7.2675000e-001,  2.2396000e-001, -1.8088000e-001,  7.1741000e-001,  1.0000000e+000
 -1.4658000e-002, -5.3032000e-001, -3.9628000e-002, -8.4633000e-001,  6.7986000e-001, -6.5880000e-001,  2.2067000e-002, -1.4206000e-002, -7.0158000e-002,  1.0131000e-001, -6.6022000e-002,  6.9655000e-002,  1.0000000e+000
 -6.5123000e-001, -2.3004000e-001,  2.1374000e-001,  1.0000000e+000, -4.9209000e-002, -3.6126000e-003, -8.1967000e-001, -1.1053000e-001, -7.3427000e-001, -5.7459000e-002,  5.1636000e-002,  8.4811000e-001,  2.0000000e+000
  2.0291000e-002, -7.5990000e-002, -6.3034000e-001, -4.9682000e-001, -4.4102000e-001, -2.2965000e-001,  1.1399000e-001,  3.8331000e-002, -2.2125000e-001, -6.3248000e-001,  5.2313000e-001, -2.6642000e-001,  1.0000000e+000
  4.9777000e-001, -1.8688000e-001,  1.7420000e-001, -2.6179000e-001,  5.6263000e-001, -3.2682000e-001,  5.8529000e-001, -4.6772000e-001, -1.5347000e-001,  1.6883000e-001, -1.2842000e-001,  2.1727000e-001,  1.0000000e+000
  9.6405000e-001, -3.3609000e-003, -8.6876000e-001, -7.6013000e-001, -7.8482000e-001, -2.1668000e-001,  8.4748000e-001,  4.9843000e-001,  9.4435000e-002,  1.4669000e-001, -1.2851000e-001,  5.7451000e-002,  1.0000000e+000
  5.7652000e-001, -6.8972000e-001,  1.3612000e-003, -3.1086000e-001,  6.9010000e-001, -8.5270000e-001,  6.6062000e-001, -4.1720000e-001, -2.5476000e-001, -2.3427000e-001,  2.1321000e-001, -6.9527000e-002,  2.0000000e+000
 -2.2818000e-001, -4.2154000e-002,  5.6279000e-001,  2.9118000e-001,  6.5198000e-001, -1.4788000e-002, -8.0060000e-002, -3.2186000e-001, -2.1905000e-001, -4.8214000e-001,  4.1296000e-001, -2.8092000e-001,  1.0000000e+000
 -3.9808000e-001,  1.6055000e-001,  1.0000000e+000,  6.3696000e-001,  9.6583000e-001,  2.7422000e-001, -4.2293000e-001,  1.3190000e-001,  3.4348000e-001,  5.5806000e-002, -5.0002000e-002, -1.9122000e-001,  1.0000000e+000
  4.2147000e-004, -3.5998000e-001,  7.0146000e-002,  3.7666000e-001,  1.9483000e-001, -3.2573000e-001, -3.4903000e-002,  1.6753000e-001, -1.6087000e-002, -2.3914000e-002,  2.3827000e-002, -3.0424000e-002,  1.0000000e+000
  3.8925000e-001,  2.2424000e-001, -9.1208000e-001, -1.1074000e+000, -8.0474000e-001, -4.2020000e-002,  5.1315000e-001,  2.0566000e-001,  5.9533000e-001,  4.7762000e-001, -3.9719000e-001, -1.1988000e-001,  2.0000000e+000
 -1.1460000e-001,  4.4046000e-001, -1.3706000e-001,  1.7796000e-001, -6.2787000e-001,  5.0379000e-001, -3.7866000e-002, -1.4075000e-001,  2.2533000e-001,  1.6975000e-003, -2.2509000e-002, -1.7527000e-001,  1.0000000e+000
 -1.3327000e+000,  4.7654000e-001,  2.5801000e-001,  3.1696000e-001, -1.5470000e-001,  6.3507000e-001, -9.6759000e-001, -7.1409000e-001,  6.2105000e-001,  6.3737000e-001, -5.2572000e-001, -1.1892000e-001,  1.0000000e+000
  9.7504000e-003, -4.3543000e-001, -3.7979000e-002, -3.0924000e-001,  3.3629000e-001, -4.1550000e-001, -1.0020000e-001, -2.7457000e-001, -6.7070000e-001, -3.2523000e-001,  3.1711000e-001,  2.5383000e-001,  1.0000000e+000
 -6.2517000e-003, -9.0522000e-001, -5.5939000e-001, -1.0150000e+000,  3.2723000e-001, -1.0508000e+000, -6.4957000e-002,  2.4500000e-001,  3.7000000e-001, -6.8241000e-002,  4.8632000e-002, -3.5564000e-001,  1.0000000e+000
 -1.1658000e-001, -8.1404000e-002, -3.7479000e-001,  3.8418000e-003, -5.3532000e-001,  2.0666000e-002, -2.9141000e-001,  1.5555000e-001,  1.7182000e-001,  1.1565000e-001, -1.0410000e-001, -3.2125000e-002,  2.0000000e+000
 -2.3609000e-001, -1.9751000e-001, -3.6531000e-001, -4.1347000e-001, -1.8178000e-001, -2.2667000e-001, -2.1286000e-001,  3.0467000e-002,  2.0410000e-001,  2.6502000e-001, -2.0210000e-001,  1.1137000e-003,  1.0000000e+000
 -7.3740000e-001, -4.5640000e-001, -5.2774000e-001, -4.7901000e-001, -1.9999000e-001, -4.6912000e-001, -4.9773000e-001, -5.4589000e-001, -2.9213000e-001, -3.6946000e-001,  2.8735000e-001, -7.4640000e-002,  1.0000000e+000
  3.9161000e-001, -1.2657000e-001,  1.6642000e-001,  2.8396000e-001,  1.2976000e-001, -5.8800000e-002,  8.6254000e-002,  4.9740000e-001, -1.7728000e-001, -4.0972000e-001,  3.3043000e-001, -7.7995000e-002,  1.0000000e+000
 -4.2711000e-001, -4.5887000e-001, -2.3525000e-001,  1.1849000e-001, -2.0632000e-001, -2.7183000e-001, -7.1013000e-001,  5.1291000e-001, -6.0181000e-001, -1.1146000e-001,  1.4929000e-001,  3.5375000e-001,  2.0000000e+000
 -4.8175000e-001,  3.4358000e-001, -6.2436000e-001, -7.5435000e-001, -8.0838000e-001,  2.8018000e-001, -2.3729000e-001, -1.0163000e-001,  8.8105000e-001,  7.7408000e-001, -6.7198000e-001, -1.3967000e-001,  1.0000000e+000
 -1.4910000e-001,  2.1884000e-001,  2.0754000e-002, -1.0511000e-001, -7.0021000e-002,  1.8778000e-001,  3.1419000e-002, -2.3505000e-001,  8.5538000e-002,  3.2329000e-001, -2.8950000e-001,  1.9569000e-001,  1.0000000e+000
  4.4589000e-001,  3.8443000e-001,  1.4877000e-001,  6.3854000e-001, -2.7498000e-001,  4.1201000e-001,  1.8946000e-001,  1.0000000e+000,  7.8605000e-001,  6.5022000e-001, -5.7912000e-001, -6.5822000e-002,  2.0000000e+000
 -1.0666000e-001,  9.1766000e-001,  2.3937000e-001,  5.9632000e-001, -4.4006000e-001,  8.6403000e-001,  3.0011000e-001, -3.8855000e-001,  2.1295000e-001,  1.7943000e-001, -1.2669000e-001, -1.6528000e-001,  2.0000000e+000
  7.4227000e-001,  4.8285000e-001, -1.6571000e-001,  2.6462000e-001, -4.9121000e-001,  3.2778000e-001,  7.0852000e-001,  8.3510000e-001,  6.3660000e-001,  6.3527000e-001, -5.7822000e-001,  4.1692000e-002,  1.0000000e+000
 -1.2502000e-001, -8.8804000e-001,  4.0125000e-002, -7.2326000e-001,  7.9727000e-001, -8.6209000e-001, -3.3343000e-001,  4.1008000e-001, -2.4276000e-001,  1.2511000e-001, -6.6840000e-002,  2.4161000e-001,  1.0000000e+000
 -4.5771000e-001, -4.0030000e-001, -1.4458000e-001, -4.3250000e-001,  8.6964000e-002, -2.7686000e-001, -6.6429000e-001,  2.7989000e-001, -6.2158000e-002, -7.8413000e-002,  6.9614000e-002,  2.1316000e-002,  1.0000000e+000
  4.6108000e-001,  4.6530000e-001,  9.3117000e-001,  8.8999000e-001,  6.8771000e-001,  4.5577000e-001,  4.8605000e-001, -1.4595000e-001, -4.7858000e-001, -4.5280000e-001,  3.9988000e-001,  1.4783000e-002,  1.0000000e+000
 -5.1497000e-001,  8.6820000e-002, -3.8881000e-001, -6.4284000e-001, -3.8562000e-001,  9.1563000e-002, -4.9810000e-001,  2.6624000e-001, -3.1386000e-001, -3.2063000e-001,  2.5756000e-001,  6.9917000e-002,  1.0000000e+000
 -2.5543000e-001, -4.9659000e-002,  7.4905000e-002,  2.6031000e-002,  1.9394000e-001, -9.5382000e-002,  2.6131000e-002, -6.6914000e-001, -3.6642000e-001, -1.2091000e-002, -8.3595000e-003,  3.2880000e-001,  2.0000000e+000
  9.6875000e-001,  8.6240000e-002, -1.2021000e-001,  2.6143000e-001, -1.9613000e-001, -9.8443000e-003,  7.9458000e-001,  2.4920000e-001,  2.6205000e-001,  4.6033000e-001, -4.0030000e-001,  2.0177000e-001,  1.0000000e+000
 -2.7390000e-001, -1.0039000e+000, -5.4814000e-001, -1.0859000e+000,  2.1302000e-001, -9.4204000e-001, -6.7525000e-001,  6.4821000e-001, -7.4550000e-001, -4.1391000e-001,  3.5325000e-001,  3.9543000e-001,  1.0000000e+000
  2.6488000e-001, -2.3324000e-001, -2.1927000e-001, -4.4701000e-001,  8.0071000e-002, -3.1416000e-001,  1.2115000e-001,  3.1902000e-001,  3.4130000e-001, -2.3594000e-002,  8.7808000e-003, -4.7206000e-001,  1.0000000e+000
  6.2466000e-001,  4.5108000e-002, -2.5712000e-001,  1.7442000e-002, -2.7089000e-001, -7.8603000e-002,  5.7986000e-001,  3.2923000e-001,  7.8630000e-002, -2.5246000e-002,  1.0915000e-002, -5.7755000e-002,  2.0000000e+000
 -6.3826000e-001,  3.7730000e-001, -6.9633000e-001, -5.0711000e-001, -9.7455000e-001,  3.6149000e-001, -2.4680000e-001, -1.4536000e-001, -3.1535000e-001, -1.4771000e-001,  9.9482000e-002,  2.8094000e-002,  2.0000000e+000
 -1.2944000e-001, -2.9235000e-001, -6.2801000e-002, -2.2818000e-001,  1.7183000e-001, -2.8443000e-001, -1.7241000e-001,  8.3305000e-002, -8.2028000e-001, -3.6701000e-001,  3.4442000e-001,  3.1492000e-001,  1.0000000e+000
  5.8217000e-001, -4.5015000e-002, -1.9187000e-001, -1.2795000e-002, -3.7745000e-001,  4.2399000e-002,  2.9406000e-001,  1.7011000e-002,  2.8906000e-001,  4.9668000e-001, -4.3783000e-001,  1.6517000e-001,  2.0000000e+000
  2.0929000e-001, -3.5507000e-001,  3.1046000e-001,  1.8058000e-001,  6.6232000e-001, -3.8100000e-001, -1.9431000e-002,  7.1391000e-001, -3.6977000e-001, -9.3727000e-001,  7.7786000e-001, -3.4012000e-001,  1.0000000e+000
  9.7487000e-001,  7.9391000e-001, -2.0103000e-001,  3.4694000e-001, -9.0383000e-001,  7.2092000e-001,  1.0000000e+000, -3.2023000e-001, -4.4080000e-001,  2.1860000e-001, -1.4996000e-001,  4.6898000e-001,  1.0000000e+000
  1.0995000e-001,  4.3399000e-002, -4.0768000e-001, -4.7930000e-001, -3.0018000e-001, -5.2069000e-002,  3.1102000e-001, -5.3557000e-001, -3.0260000e-001, -3.9181000e-001,  2.5246000e-001, -3.6604000e-001,  1.0000000e+000
  3.5555000e-001,  1.2036000e-001,  3.5551000e-002,  2.2286000e-001, -1.1199000e-001,  9.9171000e-002,  2.7740000e-001,  3.6320000e-001,  5.7304000e-001,  3.4375000e-001, -2.9875000e-001, -1.7954000e-001,  1.0000000e+000
  1.2634000e-002,  8.3464000e-002,  5.9626000e-001,  1.0000000e+000,  3.7848000e-001,  1.4570000e-001,  2.1710000e-001, -5.5596000e-001,  5.3507000e-001,  3.9757000e-001, -3.8309000e-001, -1.4064000e-001,  1.0000000e+000
  5.4404000e-001,  2.0994000e-001,  3.2438000e-001, -1.3544000e-001,  3.7796000e-001,  8.0315000e-002,  7.7345000e-001, -2.2166000e-001,  2.3410000e-001,  3.7484000e-001, -2.2136000e-001,  1.3107000e-001,  1.0000000e+000
 -3.5143000e-001,  9.6283000e-002,  2.5055000e-001,  2.1386000e-001,  7.9608000e-002,  2.7000000e-001, -6.2198000e-001,  3.2870000e-001,  5.5330000e-001,  1.9974000e-002, -1.2979000e-002, -3.8608000e-001,  1.0000000e+000
  1.5489000e-001,  1.9844000e-001, -1.4908000e-001,  2.0495000e-002, -1.7036000e-001,  4.1065000e-002,  4.0003000e-001, -2.5027000e-002,  6.6941000e-001,  5.3465000e-001, -4.7574000e-001, -1.0563000e-001,  1.0000000e+000
 -4.5771000e-001, -2.4003000e-001, -3.3706000e-001, -3.1257000e-001, -3.2192000e-001, -1.0749000e-001, -6.1389000e-001,  6.7457000e-002, -7.9716000e-001, -8.8370000e-001,  7.4126000e-001,  2.1237000e-002,  2.0000000e+000
  1.7593000e-001,  1.0151000e-002, -1.3077000e-001,  2.6617000e-002, -1.9456000e-001, -5.0845000e-003,  1.2866000e-001,  2.4519000e-001,  5.4155000e-002, -1.4689000e-002,  4.6938000e-002, -1.4263000e-001,  1.0000000e+000
 -7.1551000e-001,  2.3102000e-001,  2.4042000e-001,  2.2922000e-001, -3.9318000e-002,  3.9194000e-001, -6.1702000e-001, -4.7685000e-001,  3.4128000e-001,  9.2268000e-002, -1.1170000e-001, -1.4109000e-001,  1.0000000e+000
  5.7557000e-002,  6.6469000e-002,  5.0308000e-001,  3.2187000e-001,  5.6045000e-001,  2.0600000e-002,  2.2145000e-001, -1.5223000e-001, -6.6410000e-001, -5.3704000e-002,  6.2203000e-002,  4.4576000e-001,  1.0000000e+000
  1.2311000e-002, -5.4566000e-001, -4.9867000e-001,  1.5349000e-001, -3.4907000e-001, -4.4197000e-001, -4.6291000e-001,  1.7335000e-001, -3.4252000e-001, -1.8139000e-002,  1.4394000e-002,  4.3111000e-001,  1.0000000e+000
  1.1190000e-001,  1.0000000e+000, -2.4805000e-001,  1.0381000e-001, -1.0777000e+000,  9.7900000e-001,  2.7342000e-001, -1.2900000e-002, -1.8637000e+000, -7.3233000e-001,  7.0367000e-001,  8.5593000e-001,  1.0000000e+000
  3.0402000e-001, -2.6957000e-001, -9.8415000e-002, -2.6427000e-001,  4.6769000e-001, -6.1393000e-001,  1.0000000e+000, -1.0236000e+000,  4.3996000e-002,  3.4630000e-001, -2.1413000e-001,  1.9581000e-001,  2.0000000e+000
 -2.5852000e-002, -4.0066000e-002, -2.4034000e-001, -4.6370000e-001, -1.0137000e-001, -9.6433000e-002,  5.8838000e-003, -1.0258000e-001, -2.4743000e-002, -1.7682000e-001,  1.4438000e-001, -9.2003000e-002,  1.0000000e+000
 -1.4648000e-001, -1.0456000e-001,  2.7055000e-001,  4.2322000e-001,  2.1375000e-001, -5.3184000e-002, -7.8576000e-002, -2.7821000e-001,  2.4185000e-001,  1.9105000e-001, -1.2715000e-001, -1.0189000e-001,  2.0000000e+000
  5.7925000e-002, -2.3926000e-001,  1.0415000e-001, -1.8956000e-002,  4.3645000e-001, -3.5041000e-001,  2.7003000e-001, -3.0977000e-001,  4.6696000e-001,  6.7257000e-001, -6.2995000e-001,  2.5866000e-001,  2.0000000e+000
  3.2976000e-001, -1.1225000e-001,  7.5501000e-002,  5.4228000e-001,  2.1913000e-002, -8.6602000e-002,  1.8127000e-001,  2.8386000e-001, -3.6513000e-001,  1.2564000e-001, -9.0061000e-002,  4.2493000e-001,  1.0000000e+000
 -4.4622000e-001, -1.6735000e-001, -3.3370000e-001,  3.7943000e-002, -4.1659000e-001, -3.8114000e-002, -6.2625000e-001,  3.3394000e-001, -8.4270000e-001, -1.5465000e-001,  1.9491000e-001,  5.2112000e-001,  1.0000000e+000
 -2.6315000e-001, -3.3729000e-002,  1.9978000e-001,  2.6989000e-001,  2.3871000e-001, -3.7570000e-002, -1.7441000e-001,  1.9971000e-001, -5.5424000e-001, -3.5366000e-001,  3.1229000e-001,  1.6212000e-001,  2.0000000e+000
 -1.3131000e-001,  5.1816000e-001,  4.3281000e-001,  3.9789000e-001,  4.3127000e-002,  5.6320000e-001, -1.3246000e-002, -6.2833000e-002, -8.8339000e-001, -4.0303000e-002,  8.8057000e-002,  6.3120000e-001,  2.0000000e+000
  8.0397000e-002, -6.3074000e-001, -1.5661000e-001, -1.7755000e-001,  3.1831000e-001, -6.2741000e-001, -1.5770000e-001,  3.5696000e-001,  1.6620000e-001, -2.0586000e-001,  1.4678000e-001, -2.1326000e-001,  2.0000000e+000
  1.3070000e-001,  2.6985000e-002,  2.3748000e-001, -1.0335000e-001,  4.9426000e-001, -1.0646000e-001,  2.7737000e-001, -2.3999000e-001,  7.8443000e-001,  2.2239000e-001, -1.9996000e-001, -5.0496000e-001,  1.0000000e+000
 -6.7912000e-001,  6.0045000e-001,  6.6062000e-001,  8.2120000e-001,  1.2427000e-001,  7.5714000e-001, -5.6817000e-001, -2.2857000e-002,  4.3182000e-001,  2.4002000e-001, -2.0843000e-001, -1.2321000e-001,  1.0000000e+000
 -7.5407000e-001, -8.3831000e-001, -6.6487000e-001, -9.6168000e-001,  8.0456000e-002, -9.1636000e-001, -6.3216000e-001,  2.1499000e-001, -2.0693000e-001, -1.4776000e-001,  1.0993000e-001,  1.0175000e-001,  1.0000000e+000
 -6.8616000e-002,  3.1952000e-003,  3.4194000e-001,  2.9640000e-001,  3.7400000e-001,  1.8357000e-002, -2.6298000e-001,  4.6411000e-001, -9.6973000e-001, -1.6044000e+000,  1.0000000e+000, -1.0870000e+000,  2.0000000e+000
  5.8217000e-001, -4.5015000e-002, -1.9187000e-001, -1.2795000e-002, -3.7745000e-001,  4.2399000e-002,  2.9406000e-001,  1.7011000e-002,  2.8906000e-001,  4.9668000e-001, -4.3783000e-001,  1.6517000e-001,  2.0000000e+000
 -6.7868000e-001, -3.6783000e-002, -1.8601000e-001,  1.3875000e-001, -3.8403000e-001,  1.3080000e-001, -6.7209000e-001, -4.4093000e-001, -4.1634000e-001, -2.2718000e-001,  2.1027000e-001,  1.4596000e-001,  1.0000000e+000
  1.4029000e-002,  2.0565000e-001,  1.9810000e-001,  2.3300000e-004,  1.3202000e-002,  2.8497000e-001, -5.7997000e-002, -1.4170000e-001, -2.3566000e-001,  2.7702000e-001, -2.3413000e-001,  4.5626000e-001,  2.0000000e+000
 -1.0440000e+000,  1.1272000e-001,  7.1678000e-002,  3.5082000e-001, -9.9634000e-002,  1.7511000e-001, -5.9954000e-001, -6.7152000e-001,  3.4449000e-002,  2.1535000e-001, -2.1476000e-001,  2.0977000e-001,  1.0000000e+000
 -2.0960000e-001,  9.7956000e-002, -2.9864000e-001, -1.3055000e-003, -4.7853000e-001,  1.0043000e-001, -1.1274000e-001,  4.7922000e-002, -4.0933000e-001, -7.5552000e-001,  6.1391000e-001, -1.9902000e-001,  1.0000000e+000
 -1.6820000e-001, -1.6100000e-001,  3.2007000e-002,  4.0236000e-002,  1.3349000e-001, -1.1975000e-001, -2.9302000e-001,  3.0586000e-001, -4.9597000e-001, -4.4144000e-001,  4.0220000e-001,  5.0190000e-002,  1.0000000e+000
 -5.1547000e-001,  6.3185000e-001,  2.6332000e-001,  3.1588000e-001, -2.1086000e-001,  6.8763000e-001, -2.3399000e-001, -5.4362000e-001,  4.0349000e-001,  8.4123000e-003, -4.2570000e-002, -3.0762000e-001,  2.0000000e+000
  4.5178000e-001,  3.4555000e-001, -1.9567000e-001,  1.9613000e-001, -5.6848000e-001,  3.0438000e-001,  4.5634000e-001,  2.4498000e-001,  9.3069000e-001,  1.0000000e+000, -8.8277000e-001,  1.9237000e-002,  1.0000000e+000
  2.1329000e-001, -4.8935000e-003, -3.1752000e-001, -2.1875000e-001, -3.3942000e-001, -3.3553000e-003,  2.7455000e-002,  1.3500000e-001, -2.0969000e-001, -2.7698000e-001,  2.4434000e-001, -4.2001000e-002,  1.0000000e+000
 -3.2234000e-001,  1.8220000e-001,  7.4902000e-002, -1.2816000e-001,  9.1872000e-002,  1.2344000e-001, -1.5783000e-001,  1.6143000e-001,  2.2004000e-001,  7.2620000e-002, -5.1162000e-002, -1.3181000e-001,  1.0000000e+000
 -4.0572000e-001, -3.2364000e-001,  1.2453000e-001, -1.4796000e-001,  3.8672000e-001, -2.8487000e-001, -2.9948000e-001, -2.2222000e-001,  1.9134000e-001,  7.0321000e-001, -5.8735000e-001,  3.1892000e-001,  1.0000000e+000
 -6.2366000e-001, -5.5094000e-001,  3.5105000e-003, -1.8136000e-001,  4.4797000e-001, -4.9882000e-001, -5.2377000e-001, -6.4549000e-001, -4.3079000e-002,  1.4606000e-003, -1.4560000e-003,  7.8916000e-004,  2.0000000e+000
 -1.8840000e-001, -5.4712000e-001, -7.0795000e-002, -2.9519000e-001,  2.4276000e-001, -4.2923000e-001, -4.8623000e-001,  4.5015000e-001, -1.4586000e-001,  4.0647000e-002, -4.3630000e-002,  1.8286000e-001,  1.0000000e+000
  7.3630000e-001, -3.3960000e-001, -2.1098000e-001,  4.8958000e-002, -5.6706000e-002, -3.8819000e-001,  5.9417000e-001, -5.8747000e-002, -1.4397000e-001, -2.1605000e-001,  1.8223000e-001, -8.6619000e-002,  1.0000000e+000
 -2.6340000e-002,  2.6239000e-001,  5.8581000e-001,  5.4649000e-001,  5.2144000e-001,  2.1358000e-001,  2.5106000e-001, -6.5032000e-001,  2.6911000e-001, -4.1832000e-002,  5.2720000e-002, -4.0948000e-001,  2.0000000e+000
 -1.4659000e-001, -1.6494000e-001,  2.4987000e-001, -7.3985000e-002,  4.9494000e-001, -1.5633000e-001, -2.8891000e-001,  5.0080000e-001, -4.5553000e-002,  5.0759000e-002, -1.7511000e-002,  6.6959000e-002,  1.0000000e+000
 -1.6670000e+000, -1.0049000e+000, -8.9985000e-002, -5.4556000e-001,  6.3478000e-001, -8.4512000e-001, -1.6510000e+000,  4.3848000e-001, -1.5217000e-001,  8.0638000e-002, -3.2242000e-002,  1.4178000e-001,  1.0000000e+000
  1.0000000e+000,  7.4734000e-002, -2.7210000e-001,  4.4988000e-002, -3.3791000e-001, -2.2484000e-002,  8.0169000e-001, -9.3340000e-003, -4.6260000e-001, -1.1057000e+000,  9.2205000e-001, -4.5033000e-001,  1.0000000e+000
 -3.9085000e-001,  3.5579000e-001, -1.8178000e-001, -2.7863000e-002, -4.8236000e-001,  3.8834000e-001, -3.5438000e-001,  1.7493000e-001,  6.6536000e-001,  2.3541000e-001, -2.0351000e-001, -3.4618000e-001,  1.0000000e+000
 -2.3299000e-001, -1.2713000e-001,  4.1625000e-001,  1.9875000e-001,  6.1667000e-001, -1.3694000e-001, -1.6823000e-001,  1.0725000e-001,  5.6206000e-001,  1.1039000e-001, -1.0064000e-001, -4.0955000e-001,  2.0000000e+000
  7.3128000e-001,  4.7436000e-001,  1.6796000e-001, -6.5152000e-003, -3.2151000e-002,  3.9054000e-001,  6.6198000e-001, -9.7159000e-002, -3.1626000e-002,  2.2667000e-001, -1.8468000e-001,  1.9471000e-001,  1.0000000e+000
  3.5839000e-001,  3.4759000e-001,  4.3300000e-002,  7.0895000e-002, -1.8527000e-001,  3.0925000e-001,  4.2525000e-001, -2.8421000e-001,  1.0000000e+000,  8.5432000e-001, -7.5554000e-001, -1.3273000e-001,  1.0000000e+000
 -4.9008000e-001,  5.7689000e-001,  1.8151000e-001,  2.0012000e-001, -1.9942000e-001,  5.4698000e-001,  1.8037000e-002, -7.9710000e-001, -1.4150000e+000, -2.6412000e-002,  7.7569000e-002,  1.0000000e+000,  1.0000000e+000
 -6.2492000e-001,  5.1308000e-001,  1.8940000e-001,  4.3205000e-001, -2.8214000e-001,  5.8045000e-001, -2.3147000e-001, -7.3110000e-001,  3.0642000e-002,  5.4783000e-001, -4.8740000e-001,  4.6052000e-001,  1.0000000e+000
  1.7593000e-001,  1.0151000e-002, -1.3077000e-001,  2.6617000e-002, -1.9456000e-001, -5.0845000e-003,  1.2866000e-001,  2.4519000e-001,  5.4155000e-002, -1.4689000e-002,  4.6938000e-002, -1.4263000e-001,  1.0000000e+000
 -8.2742000e-001, -2.3351000e-001, -1.5420000e-001, -2.7695000e-001, -9.2260000e-002, -6.6378000e-002, -8.3600000e-001, -5.1125000e-001,  3.0271000e-001,  1.9194000e-001, -1.7069000e-001, -8.3504000e-002,  1.0000000e+000
  3.7913000e-001, -4.6562000e-002, -1.2336000e-001, -6.3958000e-002, -1.0983000e-001, -4.5824000e-002,  1.2380000e-001,  4.9624000e-001, -6.4157000e-001, -2.4229000e-001,  1.7369000e-001,  4.9063000e-001,  2.0000000e+000
 -4.9114000e-001,  1.4523000e-001, -2.6203000e-001,  1.5395000e-001, -5.8218000e-001,  2.9170000e-001, -5.1303000e-001, -1.2608000e-001,  9.9311000e-002,  9.0028000e-002, -5.3935000e-002, -3.1497000e-002,  2.0000000e+000
  2.8966000e-001, -1.5666000e-002, -7.4666000e-001, -2.3195000e-001, -9.9114000e-001,  1.9864000e-002,  2.3696000e-001, -4.6558000e-001,  2.3058000e-001,  3.9835000e-001, -3.5891000e-001,  1.3632000e-001,  2.0000000e+000
  2.5804000e-001, -3.8310000e-001, -2.1030000e-002, -1.7375000e-001,  2.1214000e-001, -3.0610000e-001, -1.1443000e-001,  2.7159000e-001, -2.5626000e-001, -4.5569000e-001,  3.9123000e-001, -1.3152000e-001,  1.0000000e+000
  1.2536000e-001, -1.0587000e-001,  2.9720000e-001,  1.8969000e-001,  3.8521000e-001, -7.5452000e-002,  1.0535000e-001, -3.7423000e-001, -3.8113000e-001, -4.4376000e-001,  3.7552000e-001, -6.7377000e-002,  1.0000000e+000
 -4.0628000e-001,  1.1503000e-001,  7.3336000e-002,  7.0066000e-002, -3.0920000e-002,  1.5205000e-001, -1.9142000e-001, -5.8043000e-001, -1.0225000e-001,  1.5375000e-001, -1.2695000e-001,  1.8457000e-001,  1.0000000e+000
 -6.8732000e-002,  4.7128000e-001, -2.8672000e-001, -1.1328000e-002, -8.0815000e-001,  5.5047000e-001, -1.9517000e-001,  4.3574000e-001,  4.3903000e-001,  1.3174000e-001, -1.1102000e-001, -2.5916000e-001,  1.0000000e+000
 -2.8981000e-002,  1.4378000e-001,  5.0590000e-001,  6.3189000e-001,  4.2136000e-001,  1.6252000e-001, -3.3395000e-003, -1.1127000e-001,  2.1570000e-001, -3.8415000e-001,  2.9728000e-001, -4.6885000e-001,  2.0000000e+000
  6.4167000e-001, -4.9042000e-002, -1.3654000e-001, -2.1436000e-001, -3.3905000e-002, -1.3646000e-001,  4.5926000e-001,  4.7284000e-001, -4.7449000e-001, -4.3589000e-001,  3.5164000e-001,  1.1428000e-001,  2.0000000e+000
